[{"id": "en:andorra", "name": "Andorra", "country_code_2": "AD"}, {"id": "en:united-arab-emirates", "name": "United Arab Emirates", "country_code_2": "AE"}, {"id": "en:afghanistan", "name": "Afghanistan", "country_code_2": "AF"}, {"id": "en:antigua-and-barbuda", "name": "Antigua and Barbuda", "country_code_2": "AG"}, {"id": "en:anguilla", "name": "Anguilla", "country_code_2": "AI"}, {"id": "en:albania", "name": "Albania", "country_code_2": "AL"}, {"id": "en:armenia", "name": "Armenia", "country_code_2": "AM"}, {"id": "en:angola", "name": "Angola", "country_code_2": "AO"}, {"id": "en:antarctic", "name": "Antarctic", "country_code_2": "AQ"}, {"id": "en:argentina", "name": "Argentina", "country_code_2": "AR"}, {"id": "en:american-samoa", "name": "American Samoa", "country_code_2": "AS"}, {"id": "en:austria", "name": "Austria", "country_code_2": "AT"}, {"id": "en:australia", "name": "Australia", "country_code_2": "AU"}, {"id": "en:aruba", "name": "Aruba", "country_code_2": "AW"}, {"id": "en:aland-islands", "name": "Åland Islands", "country_code_2": "AX"}, {"id": "en:azerbaijan", "name": "Azerbaijan", "country_code_2": "AZ"}, {"id": "en:bosnia-and-herzegovina", "name": "Bosnia and Herzegovina", "country_code_2": "BA"}, {"id": "en:barbados", "name": "Barbados", "country_code_2": "BB"}, {"id": "en:bangladesh", "name": "Bangladesh", "country_code_2": "BD"}, {"id": "en:belgium", "name": "Belgium", "country_code_2": "BE"}, {"id": "en:burkina-faso", "name": "Burkina Faso", "country_code_2": "BF"}, {"id": "en:bulgaria", "name": "Bulgaria", "country_code_2": "BG"}, {"id": "en:bahrain", "name": "Bahrain", "country_code_2": "BH"}, {"id": "en:burundi", "name": "Burundi", "country_code_2": "BI"}, {"id": "en:benin", "name": "Benin", "country_code_2": "BJ"}, {"id": "en:saint-barthelemy", "name": "Saint-Barthélemy", "country_code_2": "BL"}, {"id": "en:bermuda", "name": "Bermuda", "country_code_2": "BM"}, {"id": "en:brunei", "name": "Brunei", "country_code_2": "BN"}, {"id": "en:bolivia", "name": "Bolivia", "country_code_2": "BO"}, {"id": "en:caribbean-netherlands", "name": "Caribbean Netherlands", "country_code_2": "BQ"}, {"id": "en:brazil", "name": "Brazil", "country_code_2": "BR"}, {"id": "en:the-bahamas", "name": "The Bahamas", "country_code_2": "BS"}, {"id": "en:bhutan", "name": "Bhutan", "country_code_2": "BT"}, {"id": "en:bouvet-island", "name": "Bouvet Island", "country_code_2": "BV"}, {"id": "en:botswana", "name": "Botswana", "country_code_2": "BW"}, {"id": "en:belarus", "name": "Belarus", "country_code_2": "BY"}, {"id": "en:belize", "name": "Belize", "country_code_2": "BZ"}, {"id": "en:canada", "name": "Canada", "country_code_2": "CA"}, {"id": "en:cocos-keeling-islands", "name": "Cocos (Keeling) Islands", "country_code_2": "CC"}, {"id": "en:democratic-republic-of-the-congo", "name": "Democratic Republic of the Congo", "country_code_2": "CD"}, {"id": "en:central-african-republic", "name": "Central African Republic", "country_code_2": "CF"}, {"id": "en:republic-of-the-congo", "name": "Republic of the Congo", "country_code_2": "CG"}, {"id": "en:switzerland", "name": "Switzerland", "country_code_2": "CH"}, {"id": "en:cote-d-ivoire", "name": "Côte d'Ivoire", "country_code_2": "CI"}, {"id": "en:cook-islands", "name": "Cook Islands", "country_code_2": "CK"}, {"id": "en:chile", "name": "Chile", "country_code_2": "CL"}, {"id": "en:cameroon", "name": "Cameroon", "country_code_2": "CM"}, {"id": "en:china", "name": "China", "country_code_2": "CN"}, {"id": "en:colombia", "name": "Colombia", "country_code_2": "CO"}, {"id": "en:costa-rica", "name": "Costa Rica", "country_code_2": "CR"}, {"id": "en:cuba", "name": "Cuba", "country_code_2": "CU"}, {"id": "en:cape-verde", "name": "Cape Verde", "country_code_2": "CV"}, {"id": "en:curacao", "name": "Curaçao", "country_code_2": "CW"}, {"id": "en:christmas-island", "name": "Christmas Island", "country_code_2": "CX"}, {"id": "en:cyprus", "name": "Cyprus", "country_code_2": "CY"}, {"id": "en:czech-republic", "name": "Czech Republic", "country_code_2": "CZ"}, {"id": "en:germany", "name": "Germany", "country_code_2": "DE"}, {"id": "en:djibouti", "name": "Djibouti", "country_code_2": "DJ"}, {"id": "en:denmark", "name": "Denmark", "country_code_2": "DK"}, {"id": "en:dominica", "name": "Dominica", "country_code_2": "DM"}, {"id": "en:dominican-republic", "name": "Dominican Republic", "country_code_2": "DO"}, {"id": "en:algeria", "name": "Algeria", "country_code_2": "DZ"}, {"id": "en:ecuador", "name": "Ecuador", "country_code_2": "EC"}, {"id": "en:estonia", "name": "Estonia", "country_code_2": "EE"}, {"id": "en:egypt", "name": "Egypt", "country_code_2": "EG"}, {"id": "en:western-sahara", "name": "Western Sahara", "country_code_2": "EH"}, {"id": "en:eritrea", "name": "Eritrea", "country_code_2": "ER"}, {"id": "en:spain", "name": "Spain", "country_code_2": "ES"}, {"id": "en:ethiopia", "name": "Ethiopia", "country_code_2": "ET"}, {"id": "en:finland", "name": "Finland", "country_code_2": "FI"}, {"id": "en:fiji", "name": "Fiji", "country_code_2": "FJ"}, {"id": "en:falkland-islands", "name": "Falkland Islands", "country_code_2": "FK"}, {"id": "en:federated-states-of-micronesia", "name": "Federated States of Micronesia", "country_code_2": "FM"}, {"id": "en:faroe-islands", "name": "Faroe Islands", "country_code_2": "FO"}, {"id": "en:france", "name": "France", "country_code_2": "FR"}, {"id": "en:gabon", "name": "Gabon", "country_code_2": "GA"}, {"id": "en:grenada", "name": "Grenada", "country_code_2": "GD"}, {"id": "en:georgia", "name": "Georgia", "country_code_2": "GE"}, {"id": "en:french-guiana", "name": "French Guiana", "country_code_2": "GF"}, {"id": "en:guernsey", "name": "Guernsey", "country_code_2": "GG"}, {"id": "en:ghana", "name": "Ghana", "country_code_2": "GH"}, {"id": "en:gibraltar", "name": "Gibraltar", "country_code_2": "GI"}, {"id": "en:greenland", "name": "Greenland", "country_code_2": "GL"}, {"id": "en:gambia", "name": "Gambia", "country_code_2": "GM"}, {"id": "en:guinea", "name": "Guinea", "country_code_2": "GN"}, {"id": "en:guadeloupe", "name": "Guadeloupe", "country_code_2": "GP"}, {"id": "en:equatorial-guinea", "name": "Equatorial Guinea", "country_code_2": "GQ"}, {"id": "en:greece", "name": "Greece", "country_code_2": "GR"}, {"id": "en:south-georgia-and-the-south-sandwich-islands", "name": "South Georgia and the South Sandwich Islands", "country_code_2": "GS"}, {"id": "en:guatemala", "name": "Guatemala", "country_code_2": "GT"}, {"id": "en:guam", "name": "Guam", "country_code_2": "GU"}, {"id": "en:guinea-bissau", "name": "Guinea-Bissau", "country_code_2": "GW"}, {"id": "en:guyana", "name": "Guyana", "country_code_2": "GY"}, {"id": "en:hong-kong", "name": "Hong Kong", "country_code_2": "HK"}, {"id": "en:heard-island-and-mcdonald-islands", "name": "Heard Island and McDonald Islands", "country_code_2": "HM"}, {"id": "en:honduras", "name": "Honduras", "country_code_2": "HN"}, {"id": "en:croatia", "name": "Croatia", "country_code_2": "HR"}, {"id": "en:haiti", "name": "Haiti", "country_code_2": "HT"}, {"id": "en:hungary", "name": "Hungary", "country_code_2": "HU"}, {"id": "en:indonesia", "name": "Indonesia", "country_code_2": "ID"}, {"id": "en:ireland", "name": "Ireland", "country_code_2": "IE"}, {"id": "en:israel", "name": "Israel", "country_code_2": "IL"}, {"id": "en:isle-of-man", "name": "Isle of Man", "country_code_2": "IM"}, {"id": "en:india", "name": "India", "country_code_2": "IN"}, {"id": "en:british-indian-ocean-territory", "name": "British Indian Ocean Territory", "country_code_2": "IO"}, {"id": "en:iraq", "name": "Iraq", "country_code_2": "IQ"}, {"id": "en:iran", "name": "Iran", "country_code_2": "IR"}, {"id": "en:iceland", "name": "Iceland", "country_code_2": "IS"}, {"id": "en:italy", "name": "Italy", "country_code_2": "IT"}, {"id": "en:jersey", "name": "Jersey", "country_code_2": "JE"}, {"id": "en:jamaica", "name": "Jamaica", "country_code_2": "JM"}, {"id": "en:jordan", "name": "Jordan", "country_code_2": "JO"}, {"id": "en:japan", "name": "Japan", "country_code_2": "JP"}, {"id": "en:kenya", "name": "Kenya", "country_code_2": "KE"}, {"id": "en:kyrgyzstan", "name": "Kyrgyzstan", "country_code_2": "KG"}, {"id": "en:cambodia", "name": "Cambodia", "country_code_2": "KH"}, {"id": "en:kiribati", "name": "Kiribati", "country_code_2": "KI"}, {"id": "en:comoros", "name": "Comoros", "country_code_2": "KM"}, {"id": "en:saint-kitts-and-nevis", "name": "Saint Kitts and Nevis", "country_code_2": "KN"}, {"id": "en:north-korea", "name": "North Korea", "country_code_2": "KP"}, {"id": "en:south-korea", "name": "South Korea", "country_code_2": "KR"}, {"id": "en:kuwait", "name": "Kuwait", "country_code_2": "KW"}, {"id": "en:cayman-islands", "name": "Cayman Islands", "country_code_2": "KY"}, {"id": "en:kazakhstan", "name": "Kazakhstan", "country_code_2": "KZ"}, {"id": "en:laos", "name": "Laos", "country_code_2": "LA"}, {"id": "en:lebanon", "name": "Lebanon", "country_code_2": "LB"}, {"id": "en:saint-lucia", "name": "Saint Lucia", "country_code_2": "LC"}, {"id": "en:liechtenstein", "name": "Liechtenstein", "country_code_2": "LI"}, {"id": "en:sri-lanka", "name": "Sri Lanka", "country_code_2": "LK"}, {"id": "en:liberia", "name": "Liberia", "country_code_2": "LR"}, {"id": "en:lesotho", "name": "Lesotho", "country_code_2": "LS"}, {"id": "en:lithuania", "name": "Lithuania", "country_code_2": "LT"}, {"id": "en:luxembourg", "name": "Luxembourg", "country_code_2": "LU"}, {"id": "en:latvia", "name": "Latvia", "country_code_2": "LV"}, {"id": "en:libya", "name": "Libya", "country_code_2": "LY"}, {"id": "en:morocco", "name": "Morocco", "country_code_2": "MA"}, {"id": "en:monaco", "name": "Monaco", "country_code_2": "MC"}, {"id": "en:moldova", "name": "Moldova", "country_code_2": "MD"}, {"id": "en:montenegro", "name": "Montenegro", "country_code_2": "ME"}, {"id": "en:saint-martin", "name": "Saint Martin", "country_code_2": "MF"}, {"id": "en:madagascar", "name": "Madagascar", "country_code_2": "MG"}, {"id": "en:marshall-islands", "name": "Marshall Islands", "country_code_2": "MH"}, {"id": "en:north-macedonia", "name": "North Macedonia", "country_code_2": "MK"}, {"id": "en:mali", "name": "Mali", "country_code_2": "ML"}, {"id": "en:myanmar", "name": "Myanmar", "country_code_2": "MM"}, {"id": "en:mongolia", "name": "Mongolia", "country_code_2": "MN"}, {"id": "en:macau", "name": "Macau", "country_code_2": "MO"}, {"id": "en:northern-mariana-islands", "name": "Northern Mariana Islands", "country_code_2": "MP"}, {"id": "en:martinique", "name": "Martinique", "country_code_2": "MQ"}, {"id": "en:mauritania", "name": "Mauritania", "country_code_2": "MR"}, {"id": "en:montserrat", "name": "Montserrat", "country_code_2": "MS"}, {"id": "en:malta", "name": "Malta", "country_code_2": "MT"}, {"id": "en:mauritius", "name": "Mauritius", "country_code_2": "MU"}, {"id": "en:maldives", "name": "Maldives", "country_code_2": "MV"}, {"id": "en:malawi", "name": "Malawi", "country_code_2": "MW"}, {"id": "en:mexico", "name": "Mexico", "country_code_2": "MX"}, {"id": "en:malaysia", "name": "Malaysia", "country_code_2": "MY"}, {"id": "en:mozambique", "name": "Mozambique", "country_code_2": "MZ"}, {"id": "en:namibia", "name": "Namibia", "country_code_2": "NA"}, {"id": "en:new-caledonia", "name": "New Caledonia", "country_code_2": "NC"}, {"id": "en:niger", "name": "Niger", "country_code_2": "NE"}, {"id": "en:norfolk-island", "name": "Norfolk Island", "country_code_2": "NF"}, {"id": "en:nigeria", "name": "Nigeria", "country_code_2": "NG"}, {"id": "en:nicaragua", "name": "Nicaragua", "country_code_2": "NI"}, {"id": "en:netherlands", "name": "Netherlands", "country_code_2": "NL"}, {"id": "en:norway", "name": "Norway", "country_code_2": "NO"}, {"id": "en:nepal", "name": "Nepal", "country_code_2": "NP"}, {"id": "en:nauru", "name": "Nauru", "country_code_2": "NR"}, {"id": "en:niue", "name": "Niue", "country_code_2": "NU"}, {"id": "en:new-zealand", "name": "New Zealand", "country_code_2": "NZ"}, {"id": "en:oman", "name": "Oman", "country_code_2": "OM"}, {"id": "en:panama", "name": "Panama", "country_code_2": "PA"}, {"id": "en:peru", "name": "Peru", "country_code_2": "PE"}, {"id": "en:french-polynesia", "name": "French Polynesia", "country_code_2": "PF"}, {"id": "en:papua-new-guinea", "name": "Papua New Guinea", "country_code_2": "PG"}, {"id": "en:philippines", "name": "Philippines", "country_code_2": "PH"}, {"id": "en:pakistan", "name": "Pakistan", "country_code_2": "PK"}, {"id": "en:poland", "name": "Poland", "country_code_2": "PL"}, {"id": "en:saint-pierre-and-miquelon", "name": "Saint Pierre and Miquelon", "country_code_2": "PM"}, {"id": "en:pitcairn", "name": "Pitcairn", "country_code_2": "PN"}, {"id": "en:puerto-rico", "name": "Puerto Rico", "country_code_2": "PR"}, {"id": "en:state-of-palestine", "name": "State of Palestine", "country_code_2": "PS"}, {"id": "en:portugal", "name": "Portugal", "country_code_2": "PT"}, {"id": "en:palau", "name": "Palau", "country_code_2": "PW"}, {"id": "en:paraguay", "name": "Paraguay", "country_code_2": "PY"}, {"id": "en:qatar", "name": "Qatar", "country_code_2": "QA"}, {"id": "en:reunion", "name": "Réunion", "country_code_2": "RE"}, {"id": "en:romania", "name": "Romania", "country_code_2": "RO"}, {"id": "en:serbia", "name": "Serbia", "country_code_2": "RS"}, {"id": "en:russia", "name": "Russia", "country_code_2": "RU"}, {"id": "en:rwanda", "name": "Rwanda", "country_code_2": "RW"}, {"id": "en:saudi-arabia", "name": "Saudi Arabia", "country_code_2": "SA"}, {"id": "en:solomon-islands", "name": "Solomon Islands", "country_code_2": "SB"}, {"id": "en:seychelles", "name": "Seychelles", "country_code_2": "SC"}, {"id": "en:sudan", "name": "Sudan", "country_code_2": "SD"}, {"id": "en:sweden", "name": "Sweden", "country_code_2": "SE"}, {"id": "en:singapore", "name": "Singapore", "country_code_2": "SG"}, {"id": "en:saint-helena", "name": "Saint Helena", "country_code_2": "SH"}, {"id": "en:slovenia", "name": "Slovenia", "country_code_2": "SI"}, {"id": "en:svalbard-and-jan-mayen", "name": "Svalbard and Jan Mayen", "country_code_2": "SJ"}, {"id": "en:slovakia", "name": "Slovakia", "country_code_2": "SK"}, {"id": "en:sierra-leone", "name": "Sierra Leone", "country_code_2": "SL"}, {"id": "en:san-marino", "name": "San Marino", "country_code_2": "SM"}, {"id": "en:senegal", "name": "Senegal", "country_code_2": "SN"}, {"id": "en:somalia", "name": "Somalia", "country_code_2": "SO"}, {"id": "en:suriname", "name": "Suriname", "country_code_2": "SR"}, {"id": "en:south-sudan", "name": "South Sudan", "country_code_2": "SS"}, {"id": "en:sao-tome-and-principe", "name": "Sao Tomé and Príncipe", "country_code_2": "ST"}, {"id": "en:el-salvador", "name": "El Salvador", "country_code_2": "SV"}, {"id": "en:sint-maarten", "name": "Sint Maarten", "country_code_2": "SX"}, {"id": "en:syria", "name": "Syria", "country_code_2": "SY"}, {"id": "en:swaziland", "name": "Swaziland", "country_code_2": "SZ"}, {"id": "en:turks-and-caicos-islands", "name": "Turks and Caicos Islands", "country_code_2": "TC"}, {"id": "en:chad", "name": "Chad", "country_code_2": "TD"}, {"id": "en:french-southern-and-antarctic-lands", "name": "French Southern and Antarctic Lands", "country_code_2": "TF"}, {"id": "en:togo", "name": "Togo", "country_code_2": "TG"}, {"id": "en:thailand", "name": "Thailand", "country_code_2": "TH"}, {"id": "en:tajikistan", "name": "Tajikistan", "country_code_2": "TJ"}, {"id": "en:tokelau", "name": "Tokelau", "country_code_2": "TK"}, {"id": "en:timor-leste", "name": "Timor-Leste", "country_code_2": "TL"}, {"id": "en:turkmenistan", "name": "Turkmenistan", "country_code_2": "TM"}, {"id": "en:tunisia", "name": "Tunisia", "country_code_2": "TN"}, {"id": "en:tonga", "name": "Tonga", "country_code_2": "TO"}, {"id": "en:turkey", "name": "Turkey", "country_code_2": "TR"}, {"id": "en:trinidad-and-tobago", "name": "Trinidad and Tobago", "country_code_2": "TT"}, {"id": "en:tuvalu", "name": "Tuvalu", "country_code_2": "TV"}, {"id": "en:taiwan", "name": "Taiwan", "country_code_2": "TW"}, {"id": "en:tanzania", "name": "Tanzania", "country_code_2": "TZ"}, {"id": "en:ukraine", "name": "Ukraine", "country_code_2": "UA"}, {"id": "en:uganda", "name": "Uganda", "country_code_2": "UG"}, {"id": "en:united-kingdom", "name": "United Kingdom", "country_code_2": "UK"}, {"id": "en:united-states-minor-outlying-islands", "name": "United States Minor Outlying Islands", "country_code_2": "UM"}, {"id": "en:united-states", "name": "United States", "country_code_2": "US"}, {"id": "en:uruguay", "name": "Uruguay", "country_code_2": "UY"}, {"id": "en:uzbekistan", "name": "Uzbekistan", "country_code_2": "UZ"}, {"id": "en:vatican-city", "name": "Vatican City", "country_code_2": "VA"}, {"id": "en:saint-vincent-and-the-grenadines", "name": "Saint Vincent and the Grenadines", "country_code_2": "VC"}, {"id": "en:venezuela", "name": "Venezuela", "country_code_2": "VE"}, {"id": "en:british-virgin-islands", "name": "British Virgin Islands", "country_code_2": "VG"}, {"id": "en:virgin-islands-of-the-united-states", "name": "Virgin Islands of the United States", "country_code_2": "VI"}, {"id": "en:vietnam", "name": "Vietnam", "country_code_2": "VN"}, {"id": "en:vanuatu", "name": "Vanuatu", "country_code_2": "VU"}, {"id": "en:wallis-and-futuna", "name": "Wallis and Futuna", "country_code_2": "WF"}, {"id": "en:samoa", "name": "Samoa", "country_code_2": "WS"}, {"id": "en:kosovo", "name": "Kosovo", "country_code_2": "XK"}, {"id": "en:yemen", "name": "Yemen", "country_code_2": "YE"}, {"id": "en:mayotte", "name": "Mayotte", "country_code_2": "YT"}, {"id": "en:yugoslavia", "name": "Yugoslavia", "country_code_2": "YU"}, {"id": "en:south-africa", "name": "South Africa", "country_code_2": "ZA"}, {"id": "en:zambia", "name": "Zambia", "country_code_2": "ZM"}, {"id": "en:zimbabwe", "name": "Zimbabwe", "country_code_2": "ZW"}, {"id": "en:world", "name": "World", "country_code_2": "world"}]
